Hersteller_name;Hersteller_typ_typ;Hersteller_typ_A2;Hersteller_typ_A7;Hersteller_typ_ErP;Hersteller_typ_Tag;Hersteller_typ_Nacht
alpha innotec c/o ait-Schweiz AG;alpha innotec, KHZ-LW 60 400;6.2;4.7;47;47;47
alpha innotec c/o ait-Schweiz AG;alpha innotec, KHZ-LW 80 400;8;6.1;47;47;47
alpha innotec c/o ait-Schweiz AG;alpha innotec, KHZ-LW60 300;6.2;4.7;47;47;47
alpha innotec c/o ait-Schweiz AG;alpha innotec, L12 Split;8.3;7.5;58;65.5;61
alpha innotec c/o ait-Schweiz AG;alpha innotec, L16 Split;10.8;10.1;58;71.5;67
alpha innotec c/o ait-Schweiz AG;alpha innotec, L8 Split;5.7;5.2;55;64;60
alpha innotec c/o ait-Schweiz AG;alpha innotec, LW 101;9.5;7.5;55;55;55
alpha innotec c/o ait-Schweiz AG;alpha innotec, LW 101 A;9.5;7.5;58;58;58
alpha innotec c/o ait-Schweiz AG;alpha innotec, LW 121;11.8;9.1;55;55;55
alpha innotec c/o ait-Schweiz AG;alpha innotec, LW 121 A;11.8;9.1;61;61;61
alpha innotec c/o ait-Schweiz AG;alpha innotec, LW 140;13.8;10.8;56;56;56
alpha innotec c/o ait-Schweiz AG;alpha innotec, LW 140 A;13.8;10.8;58;58;58
alpha innotec c/o ait-Schweiz AG;alpha innotec, LW 140 A/RX;13.8;10.8;64;64;64
alpha innotec c/o ait-Schweiz AG;alpha innotec, LW 150;15.3;12.5;51;51;51
alpha innotec c/o ait-Schweiz AG;alpha innotec, LW 160 H /V;14.2;13.9;40;57;57
alpha innotec c/o ait-Schweiz AG;alpha innotec, LW 180;17.2;14.1;54;57;57
alpha innotec c/o ait-Schweiz AG;alpha innotec, LW 180 A;17.2;14.1;57;60;60
alpha innotec c/o ait-Schweiz AG;alpha innotec, LW 180 H;17.5;14.8;57;57;57
alpha innotec c/o ait-Schweiz AG;alpha innotec, LW 180 HA;17.5;14.8;61;61;61
alpha innotec c/o ait-Schweiz AG;alpha innotec, LW 251;24;19.4;55;58;58
alpha innotec c/o ait-Schweiz AG;alpha innotec, LW 251 A;24;19.4;62;65;65
alpha innotec c/o ait-Schweiz AG;alpha innotec, LW 310;31;25;55;58;58
alpha innotec c/o ait-Schweiz AG;alpha innotec, LW 310A;31;25;64;67;67
alpha innotec c/o ait-Schweiz AG;alpha innotec, LW 380;38;31;58;58;58
alpha innotec c/o ait-Schweiz AG;alpha innotec, LW 71A;7.2;5.7;58;58;58
alpha innotec c/o ait-Schweiz AG;alpha innotec, LW 81A;8.4;6.6;58;58;58
alpha innotec c/o ait-Schweiz AG;alpha innotec, LW 90A RX;9.4;7.2;63;63;63
alpha innotec c/o ait-Schweiz AG;alpha innotec, LW160 HA/V;14.2;13.9;42;60;60
alpha innotec c/o ait-Schweiz AG;alpha innotec, LWAV 122R3;10.3;8.5;58;58;53
alpha innotec c/o ait-Schweiz AG;alpha innotec, LWAV 82R1/3;6.4;6.4;50;58;52
alpha innotec c/o ait-Schweiz AG;alpha innotec, LWC 100;10.4;8.4;54;54;54
alpha innotec c/o ait-Schweiz AG;alpha innotec, LWC 120;11.9;9.5;54;54;54
alpha innotec c/o ait-Schweiz AG;alpha innotec, LWC 60;6.2;4.7;47;47;47
alpha innotec c/o ait-Schweiz AG;alpha innotec, LWC 80;8;6.1;47;47;47
alpha innotec c/o ait-Schweiz AG;alpha innotec, LWCV 122R3;10.3;8.5;49;49;43
alpha innotec c/o ait-Schweiz AG;alpha innotec, LWCV 82R1/3;6.4;6.4;44;44;38
alpha innotec c/o ait-Schweiz AG;alpha innotec, LWD 50A;5.6;4.6;57;57;57
alpha innotec c/o ait-Schweiz AG;alpha innotec, LWD 50A RX;5.6;4.6;57;57;57
alpha innotec c/o ait-Schweiz AG;alpha innotec, LWD 70A;7.7;6.3;57;57;57
alpha innotec c/o ait-Schweiz AG;alpha innotec, LWD 70A RX;7.7;6.3;57;57;57
alpha innotec c/o ait-Schweiz AG;alpha innotec, LWD 90A;9;7.5;62;62;62
alpha innotec c/o ait-Schweiz AG;alpha innotec, LWD Twin 100A;11.2;9.2;60;60;60
alpha innotec c/o ait-Schweiz AG;alpha innotec, LWD Twin 120A;13.3;10.9;60;60;60
alpha innotec c/o ait-Schweiz AG;alpha innotec, LWD Twin 140A;15.4;12.6;60;60;60
alpha innotec c/o ait-Schweiz AG;alpha innotec, LWD Twin 180A;18;15;65;65;65
alpha innotec c/o ait-Schweiz AG;alpha innotec, LWP 450R3;45.5;35.7;72.8;81.7;72.8
alpha innotec c/o ait-Schweiz AG;alpha innotec, LWSE-V 06;7.2;5.8;54;54;54
alpha innotec c/o ait-Schweiz AG;alpha innotec, LWSE-V 09;9.3;7.6;54;54;54
alpha innotec c/o ait-Schweiz AG;alpha innotec, LWSE-V 13;13.9;11.2;55;55;55
alpha innotec c/o ait-Schweiz AG;alpha innotec, LWSE-V 19;18.7;15.6;58;58;58
alpha innotec c/o ait-Schweiz AG;alpha innotec, LWSE-V 24;23.2;19.5;60;60;60
alpha innotec c/o ait-Schweiz AG;alpha innotec, LWSE-V 33;29.8;25.6;62;62;62
alpha innotec c/o ait-Schweiz AG;alpha innotec, LWV 122R3;10.3;8.5;49;49;43
alpha innotec c/o ait-Schweiz AG;alpha innotec, LWV 82R1/3;6.4;6.4;44;44;38
alpha innotec c/o ait-Schweiz AG;alpha innotec, NP-AW 20-08;5.8;5.2;53;58;53
alpha innotec c/o ait-Schweiz AG;alpha innotec, NP-AW 20-12;8.5;7.4;53;59;53
alpha innotec c/o ait-Schweiz AG;alpha innotec, NP-AW 20-16;12;10.2;53;61;53
alpha innotec c/o ait-Schweiz AG;alpha innotec, NP-AW 20-20;15.4;13.5;53;61;53
Atlantic Suisse AG;Atlantic, Alfea Excellia A.I. TRI 11;7.75;10.38;68;68;68
Atlantic Suisse AG;Atlantic, Alfea Excellia A.I. TRI 14;7.75;10.38;69;69;69
Atlantic Suisse AG;Atlantic, Alfea Excellia A.I. TRI 16;7.75;12.98;69;69;69
Atlantic Suisse AG;Atlantic, Alfea Excellia DUO A.I. TRI 11;7.75;10.38;68;68;68
Atlantic Suisse AG;Atlantic, Alfea Excellia DUO A.I. TRI 14;7.75;12.2;69;69;69
Atlantic Suisse AG;Atlantic, Alfea Excellia DUO A.I. TRI 16;7.75;12.98;69;69;69
Atlantic Suisse AG;Atlantic, Alfea Excellia DUO TRI 11;7.75;10.38;68;68;68
Atlantic Suisse AG;Atlantic, Alfea Excellia DUO TRI 14;7.75;12.2;69;69;69
Atlantic Suisse AG;Atlantic, Alfea Excellia DUO TRI 16;7.75;12.98;69;69;69
Atlantic Suisse AG;Atlantic, Alfea Excellia TRI 11;7.75;10.38;68;68;68
Atlantic Suisse AG;Atlantic, Alfea Excellia TRI 14;7.75;12.2;69;69;69
Atlantic Suisse AG;Atlantic, Alfea Excellia TRI 16;7.75;12.98;69;69;69
Atlantic Suisse AG;Atlantic, Alfea Extensa A.I. +5;4.5;4.1;63;63;63
Atlantic Suisse AG;Atlantic, Alfea Extensa A.I. +6;4.95;4.6;63;63;63
Atlantic Suisse AG;Atlantic, Alfea Extensa A.I. +8;5.65;5.7;69;69;69
Atlantic Suisse AG;Atlantic, Alfea Extensa DUO A.I. +5;4.5;4.1;63;63;63
Atlantic Suisse AG;Atlantic, Alfea Extensa DUO A.I. +6;4.95;4.6;63;63;63
Atlantic Suisse AG;Atlantic, Alfea Extensa DUO A.I. +8;5.65;5.7;69;69;69
Buderus Heiztechnik AG;Dimplex, LA 11TAS;8.6;7.2;59;59;57
Buderus Heiztechnik AG;Dimplex, LA 12S-TU;9.5;7.3;54;54;54
Buderus Heiztechnik AG;Dimplex, LA 16TAS;11.7;10.2;62;62;62
Buderus Heiztechnik AG;Dimplex, LA 18S-TU;12.3;10.6;54;54;54
Buderus Heiztechnik AG;Dimplex, LA 22TBS;14.7;12;58;63;54
Buderus Heiztechnik AG;Dimplex, LA 25TU;19.6;16.7;67;67;64
Buderus Heiztechnik AG;Dimplex, LA 28TBS;20.3;16.9;61;66;58
Buderus Heiztechnik AG;Dimplex, LA 33TBS;20.6;20;61;61;58
Buderus Heiztechnik AG;Dimplex, LA 35TUR+;23.6;17.6;70;72;69
Buderus Heiztechnik AG;Dimplex, LA 40TU;29.3;23.8;70;70;67
Buderus Heiztechnik AG;Dimplex, LA 60TU;50;39.2;71;74;71
Buderus Heiztechnik AG;Dimplex, LA 60TUR+;47.6;39.7;71;74;70
Buderus Heiztechnik AG;Dimplex, LA 6S-TU;5.1;4;56;56;52
Buderus Heiztechnik AG;Dimplex, LA 9S-TU;7.2;5.5;53;53;53
Buderus Heiztechnik AG;Dimplex, LI 11TES;8.3;7;51;53;53
Buderus Heiztechnik AG;Dimplex, LI 12TU;9.4;7.1;50;53;53
Buderus Heiztechnik AG;Dimplex, LI 15TE;12;9.6;50;53;53
Buderus Heiztechnik AG;Dimplex, LI 16TES;13.4;10.7;54;55;55
Buderus Heiztechnik AG;Dimplex, LI 20TES;14.7;12.8;57;58;58
Buderus Heiztechnik AG;Dimplex, LI 24TES;19.9;15.7;61;62;62
Buderus Heiztechnik AG;Dimplex, LI 28TES;25.2;21.6;61;62;62
Buderus Heiztechnik AG;Dimplex, LI 40AS;29.3;23.8;64;70;70
Buderus Heiztechnik AG;Dimplex, LI 9TES;6.6;5.3;53;60;60
Buderus Heiztechnik AG;Dimplex, LI 9TU;6.8;5.4;49;52;52
Buderus Heiztechnik AG;Dimplex, LIK 12TU;9.4;7.1;50;53;53
Buderus Heiztechnik AG;Dimplex, LIK 8TES;6.6;5.3;53;60;60
Buderus Heiztechnik AG;Dimplex, System M Comfort Plus 9-16 kW;6.5;9.4;54;55;54
Buderus Heiztechnik AG;Dimplex, System M Comfort Plus Cooling 9-16 kW;6.5;9.4;54;55;54
Buderus Heiztechnik AG;Dimplex, System M Comfort Plus Warmwasser 9-16 kW;6.4;9.4;54;55;54
Buderus Heiztechnik AG;Dimplex, System M Compact Plus 4-6 kW;4;4.7;53;57;53
Buderus Heiztechnik AG;Logatherm, WLW196i-11 AR;13.12;10.99;53;65;62
Buderus Heiztechnik AG;Logatherm, WLW196i-11 IR;13.1;10.99;37;57;54
Buderus Heiztechnik AG;Logatherm, WLW196i-14 AR;16;12.5;53;66;63
Buderus Heiztechnik AG;Logatherm, WLW196i-14 IR;16;12.5;36;56;53
Buderus Heiztechnik AG;Logatherm, WLW196i-6 AR;7.63;6.2;47;63;58
Buderus Heiztechnik AG;Logatherm, WLW196i-6 IR;7.6;6.2;38;50;47
Buderus Heiztechnik AG;Logatherm, WLW196i-8 AR;10.67;8.43;48;64;58
Buderus Heiztechnik AG;Logatherm, WLW196i-8 IR;10.7;8.43;36;52;49
Buderus Heiztechnik AG;Logatherm, WPLS 11.2;13.1;10;68;71;68
Buderus Heiztechnik AG;Logatherm, WPLS 13.2;14.2;11;68;71;68
Buderus Heiztechnik AG;Logatherm, WPLS 15.2;15.8;12.5;68;71;68
Buderus Heiztechnik AG;Logatherm, WPLS 6.2;8.4;6;65;70;67
Buderus Heiztechnik AG;Logatherm, WPLS 8.2;9.2;7.2;65;70;67
Clim Diffusion SA;alpPAC, alpAZUR 100 W;10;12;10;66;63
Clim Diffusion SA;alpPAC, alpAZUR 120 W;11.34;14;12.12;67;64
Clim Diffusion SA;alpPAC, alpAZUR 80 V;8;10;9;65;62
Clim Diffusion SA;alpPAC, alpAZUR Silent 100 W;10;11.2;11.2;60;57
Clim Diffusion SA;alpPAC, alpAZUR Silent 80 V/W;8;8;8;59;56
Clim Diffusion SA;alpPAC, alpCIMES 145 W;13.5;14.5;14.5;60.2;58.6
Clim Diffusion SA;Daikin, Altherma 3 R32 (ERGA04);5.46;5.38;4;58;56
Clim Diffusion SA;Daikin, Altherma 3 R32 (ERGA06);6.17;6.25;7.03;60;56
Clim Diffusion SA;Daikin, Altherma 3 R32 (ERGA08);7.22;7.28;8.61;62;56
Clim Diffusion SA;Daikin, Altherma BT (ERLQ004);4.81;4.6;4.54;61;56
Clim Diffusion SA;Daikin, Altherma BT (ERLQ006);6.4;5.34;7.08;61;56
Clim Diffusion SA;Daikin, Altherma BT (ERLQ008);7.68;6.41;8.5;62;48
Clim Diffusion SA;Daikin, Altherma BT (ERLQ011);9.06;8.81;9.99;64;50
Clim Diffusion SA;Daikin, Altherma BT (ERLQ014);10.87;11.65;12.73;64;50
Clim Diffusion SA;Daikin, Altherma BT (ERLQ016);11.4;12.3;13.92;66;51
Clim Diffusion SA;Daikin, Altherma Compacte (ERLQ004);4.81;4.6;4.54;61;56
Clim Diffusion SA;Daikin, Altherma Compacte (ERLQ006);6.4;5.34;7.08;61;56
Clim Diffusion SA;Daikin, Altherma Compacte (ERLQ008);7.68;6.41;8.5;62;56
Clim Diffusion SA;Daikin, Altherma Compacte (ERLQ011);9.06;8.81;9.99;64;50
Clim Diffusion SA;Daikin, Altherma Compacte (ERLQ014);10.87;11.65;12.73;64;50
Clim Diffusion SA;Daikin, Altherma Compacte (ERLQ016);11.4;12.3;13.92;66;51
CTA AG;CTA AG, Aeroheat CI 1-16a;14.2;13.9;42;60;60
CTA AG;CTA AG, Aeroheat CI 1-16i(L);14.2;13.9;40;57;57
CTA AG;CTA AG, Aeroheat CI 12a;10.3;8.5;58;58;53
CTA AG;CTA AG, Aeroheat CI 12i;10.3;8.5;49;49;43
CTA AG;CTA AG, Aeroheat CI 12is;10.3;8.5;49;49;43
CTA AG;CTA AG, Aeroheat CI 8a;6.4;6.4;50;58;52
CTA AG;CTA AG, Aeroheat CI 8i;6.4;6.4;44;44;38
CTA AG;CTA AG, Aeroheat CI 8is;6.4;6.4;44;44;38
CTA AG;CTA AG, Aeroheat CM 18a;18.05;14.51;65;65;59
CTA AG;CTA AG, Aeroheat CN 5a;5.6;4.6;57;57;57
CTA AG;CTA AG, Aeroheat CN 7a;7.7;6.3;57;57;57
CTA AG;CTA AG, Aeroheat CN 9a;9;7.5;62;62;62
CTA AG;CTA AG, Aeroheat CN Dual 5a;11.2;9.2;60;60;60
CTA AG;CTA AG, Aeroheat CN Dual 7a;15.4;12.6;60;60;60
CTA AG;CTA AG, Aeroheat CN Dual 9a;18;15;65;65;65
CTA AG;CTA AG, Aeroheat CNI 9a;8.2;8.11;59;59;53
CTA AG;CTA AG, Aeroheat CS 1-07a;7.2;5.7;58;58;58
CTA AG;CTA AG, Aeroheat CS 1-08a;8.4;6.6;58;58;58
CTA AG;CTA AG, Aeroheat CS 1-10a;9.5;7.5;58;58;58
CTA AG;CTA AG, Aeroheat CS 1-10i;9.5;7.5;55;55;55
CTA AG;CTA AG, Aeroheat CS 1-12a;11.8;9.1;61;61;61
CTA AG;CTA AG, Aeroheat CS 1-12i;11.8;9.1;55;55;55
CTA AG;CTA AG, Aeroheat CS 1-14a;13.8;10.8;58;58;58
CTA AG;CTA AG, Aeroheat CS 1-14i(L);13.8;10.8;56;56;56
CTA AG;CTA AG, Aeroheat CS 1-18a;17.2;14.1;57;60;60
CTA AG;CTA AG, Aeroheat CS 1-18i(L);17.2;14.1;54;57;57
CTA AG;CTA AG, Aeroheat CS 1-25a;24;19.4;62;65;65
CTA AG;CTA AG, Aeroheat CS 1-25i(L);24;19.4;55;55;55
CTA AG;CTA AG, Aeroheat CS 1-31a;31;25;64;67;67
CTA AG;CTA AG, Aeroheat CS 1-31i(L);31;25;55;58;58
CTA AG;CTA AG, Aeroheat CS 10is-BWW;10.4;8.4;54;54;54
CTA AG;CTA AG, Aeroheat CS 12is-BWW;11.9;9.5;54;54;54
CTA AG;CTA AG, Aeroheat CS 6is-BWW-D;6.2;4.7;47;47;47
CTA AG;CTA AG, Aeroheat CS 8is-BWW-D;8;6.1;47;47;47
CTA AG;CTA AG, Aeroheat FS 1-11ar;10.8;10.8;69;69;65
CTA AG;CTA AG, Aeroheat FS 1-16ar;13.5;13.5;71;71;67
CTA AG;CTA AG, Aeropro CP 45a;45.5;35.7;63;81.7;81.7
CTC-Giersch;CTC, AW-I 16;16;16;54.8;63.4;51.1
CTC-Giersch;CTC, AW-I 8;10;10;51.8;59.4;47.6
CTC-Giersch;CTC, EcoAir 406;4.7;3.7;56;56;56
CTC-Giersch;CTC, EcoAir 408;6;4.8;58;58;58
CTC-Giersch;CTC, EcoAir 410;8.91;7.32;58;58;58
CTC-Giersch;CTC, EcoAir 415;12.08;10.03;64;64;61
CTC-Giersch;CTC, EcoAir 420;13.87;11.42;66;66;64
CTC-Giersch;CTC, EcoAir 510M;4.7;6.3;58;58;53.5
CTC-Giersch;CTC, EcoAir 520M;8.31;10.4;60;60;55.4
CTC-Giersch;CTC, EcoAir 610M;5.3;6.2;53;53;53
CTC-Giersch;CTC, EcoAir 614M;5.3;8.69;51;51;51
CTC-Giersch;CTC, EcoAir 622M;8.27;13.99;55;55;55
CTC-Giersch;CTC, LWSE-V 06;7.2;5.8;54;54;54
CTC-Giersch;CTC, LWSE-V 09;9.3;7.6;54;54;54
CTC-Giersch;CTC, LWSE-V 13;13.9;11.2;55;55;55
CTC-Giersch;CTC, LWSE-V 19;18.7;15.6;58;58;58
CTC-Giersch;CTC, LWSE-V 24;23.2;19.5;60;60;60
CTC-Giersch;CTC, LWSE-V 33;29.8;25.6;62;62;62
Domotec;Domotec, HPSU BU 04;5.46;5.38;58;61;52
Domotec;Domotec, HPSU BU 06;6.17;6.25;60;62;52
Domotec;Domotec, HPSU BU 08;7.22;7.28;62;62;52
Domotec;Domotec, HPSU CU 304/04-P;5.46;5.38;58;61;52
Domotec;Domotec, HPSU CU 308/06;6.17;6.25;60;62;52
Domotec;Domotec, HPSU CU 308/08-P;7.22;7.28;62;62;52
Domotec;Domotec, HPSU CU 504/04-P;5.46;5.38;58;61;52
Domotec;Domotec, HPSU CU 508/06-P;6.17;6.25;60;62;52
Domotec;Domotec, HPSU CU 508/08-P;7.22;7.28;62;62;52
Domotec;HPSU BC 06;4.6;5.34;61;63;54
Domotec;HPSU BC 08;5.51;6.41;62;63;54
Domotec;HPSU BC 11;7.7;8.81;64;64;58
Domotec;HPSU BC 14;9.6;11.65;64;66;58
Domotec;HPSU BC 16;10.1;12.3;66;69;60
Domotec;HPSU BC 304/04;3.47;4.6;61;63;54
Domotec;HPSU BC 308/06;4.6;5.34;61;63;54
Domotec;HPSU BC 308/08;5.51;6.41;62;63;54
Domotec;HPSU BH 04;3.27;4.6;61;63;54
Domotec;HPSU BH 06;4.58;5.34;61;63;54
Domotec;HPSU BH 08;5.8;6.41;62;63;54
Domotec;HPSU BH 11;8.56;8.81;64;64;58
Domotec;HPSU BH 14;10.3;11.65;64;66;58
Domotec;HPSU BH 16;11.1;12.3;66;69;60
Domotec;HPSU HT 11;9.62;9.69;66;69;60
Domotec;HPSU HT 14;11.9;11.9;66;69;60
Domotec;HPSU HT 16;13.5;12.7;66;69;60
Elcotherm AG;Elco, AEROTOP G 07;6.4;5.3;57;57;53
Elcotherm AG;Elco, AEROTOP G 07-14M;10;10.7;55;63;59
Elcotherm AG;Elco, AEROTOP G 10;9.2;7.6;59;59;55
Elcotherm AG;Elco, AEROTOP G 12;11.8;10.3;61;61;57
Elcotherm AG;Elco, AEROTOP G14.2;8;11;57;64;56
Elcotherm AG;Elco, AEROTOP S05M-IR;4.8;5;53.5;56.5;53.5
Elcotherm AG;Elco, AEROTOP S07M-IR;5.7;7.1;53.5;57.5;54.5
Elcotherm AG;Elco, AEROTOP S09M-IR;6.5;8.8;53.5;58.5;55.5
Elcotherm AG;Elco, AEROTOP S12M-IH;8;11.5;58;62;59
Elcotherm AG;Elco, AEROTOP S15M-IH;9;13.9;58;63;60
Elcotherm AG;Elco, AEROTOP SPLIT 04M-RX;2.8;4.1;56;66;60
Elcotherm AG;Elco, AEROTOP SPLIT 05M-RX;3.5;5;58;67;60
Elcotherm AG;Elco, AEROTOP SPLIT 07M-R;4.91;7;60;67;61
Elcotherm AG;Elco, AEROTOP SPLIT 07M-RX;4.91;7;60;67;61
Elcotherm AG;Elco, AEROTOP SPLIT 09M-R;6.86;9.1;62;73;62
Elcotherm AG;Elco, AEROTOP SPLIT 11M-R;8.21;11;62;75;62
Elcotherm AG;Elco, AEROTOP T 20;16.8;14.8;65;65;65
Elcotherm AG;Elco, AEROTOP T 26;22.3;19.8;67;67;67
Elcotherm AG;Elco, AEROTOP T 32;27.6;24.4;66;66;66
Elcotherm AG;Elco, AEROTOP T 35;30.6;26.2;70;70;70
Elcotherm AG;Elco, AEROTOP T20 Aussenaufstellung;18.9;14.8;66;66;66
Heim AG Heizsysteme;Heim AG, Dynamic 16 AWE;8.8;12.9;52.7;63.8;51.1
Heim AG Heizsysteme;Heim AG, Dynamic 16 AWI;8.8;12.7;54.8;63.4;51.1
Heim AG Heizsysteme;Heim AG, Dynamic 8 AWE;5.8;6.4;47.9;60.1;44.8
Heim AG Heizsysteme;Heim AG, Dynamic 8 AWI;5.7;6.6;51.8;59.4;47.6
Heim AG Heizsysteme;Heim AG, LA 12S-TU;9.5;7.3;54;54;53
Heim AG Heizsysteme;Heim AG, LA 12S-TUR;9.5;7.3;54;54;53
Heim AG Heizsysteme;Heim AG, LA 18S-TU;12.3;10.6;54;54;53
Heim AG Heizsysteme;Heim AG, LA 18S-TUR;12.3;10.6;54;54;53
Heim AG Heizsysteme;Heim AG, LA 22TBS;14.7;11.3;58;58;54
Heim AG Heizsysteme;Heim AG, LA 25TU;19.6;16.7;67;67;67
Heim AG Heizsysteme;Heim AG, LA 28TBS;20.3;16.9;61;61;58
Heim AG Heizsysteme;Heim AG, LA 33TBS;20.6;20;61;61;58
Heim AG Heizsysteme;Heim AG, LA 35TUR+;23.6;17.6;70;72;69
Heim AG Heizsysteme;Heim AG, LA 40TU;29.3;23.8;70;70;67
Heim AG Heizsysteme;Heim AG, LA 60TU;50;39.2;71;74;71
Heim AG Heizsysteme;Heim AG, LA 60TUR+;47.6;39.7;70;74;70
Heim AG Heizsysteme;Heim AG, LA 6TU;5.1;4;56;56;52
Heim AG Heizsysteme;Heim AG, LA 9S-TU;8.4;7.2;53;53;53
Heim AG Heizsysteme;Heim AG, LI 11TES;8.3;7;51;53;53
Heim AG Heizsysteme;Heim AG, LI 12TU;9.4;7.1;50;53;53
Heim AG Heizsysteme;Heim AG, LI 16TES;13.4;10.7;54;55;55
Heim AG Heizsysteme;Heim AG, LI 20TES;14.7;12.8;57;58;58
Heim AG Heizsysteme;Heim AG, LI 24TES;19.9;15.7;61;62;62
Heim AG Heizsysteme;Heim AG, LI 28TES;25.2;21.6;61;62;62
Heim AG Heizsysteme;Heim AG, LI 9TU;6.8;5.4;49;52;52
Heim AG Heizsysteme;Heim AG, LIA 12IMT-CAP SQ;12;12.6;61;61;54
Heim AG Heizsysteme;Heim AG, LIA 16IMT-CAP SQ;16.2;16.1;62;62;58
Heim AG Heizsysteme;Heim AG, LIA 9IMT-CAP SQ;8.9;10;58;58;55
Heim AG Heizsysteme;Heim AG, LIA9IM (230V);6.7;5.9;64.3;64.3;59.3
Heim AG Heizsysteme;Heim AG, LIK 12TU;9.4;7.1;50;53;53
Heim AG Heizsysteme;Heim AG, LIK 8TES;6.6;5.3;53;60;60
Heim AG Heizsysteme;Heim AG, LWi 2-28;35.3;27.7;60;60;60
Heim AG Heizsysteme;Heim AG, LWsp 1-10;14.1;11;52;52;52
Heim AG Heizsysteme;Heim AG, LWsp 1-13;17.7;13.9;52;52;52
Heim AG Heizsysteme;Heim AG, LWsp 1-13 HT;16.2;13.3;52;52;52
Heim AG Heizsysteme;Heim AG, LWsp 1-16 HT;20.4;16.6;54;54;54
Heim AG Heizsysteme;Heim AG, LWsp 1-6;8.3;6.6;53;53;53
Heim AG Heizsysteme;Heim AG, LWsp 1-8;9.5;7.5;52;52;52
Heim AG Heizsysteme;Heim AG, LWsp 1-8 HT;11.3;9.2;52;52;52
Heim AG Heizsysteme;Heim AG, LWsp 2-17;23.5;18.4;54;54;54
Heim AG Heizsysteme;Heim AG, LWsp 2-21;28.1;22;54;54;54
Heim AG Heizsysteme;Heim AG, LWsp 2-30;36.5;28.7;54;54;54
Heim AG Heizsysteme;Heim AG, LWsp 2-30 HT;40.8;33.2;54;54;54
Heim AG Heizsysteme;Heim AG, LWsp 2-36;49;38.4;57;57;57
Heim AG Heizsysteme;Heim AG, LWsp 2-42 HT;57;46.6;56;56;56
Heim AG Heizsysteme;Heim AG, LWsp 2-45;62.2;48.8;57;57;57
Heim AG Heizsysteme;Heim AG, LWsp 2-56;75.2;59.2;57;57;57
Heim AG Heizsysteme;Heim AG, LWsp 2-56 HT;71.4;58;57;57;57
Hoval AG;Belaria, comfort ICM (13);12.7;10.9;53;56;49
Hoval AG;Belaria, comfort ICM (8);6.56;6.19;48;51;44
Hoval AG;Belaria, compact IR/IRS (11);10.9;9.2;63;63;59
Hoval AG;Belaria, compact IR/IRS (7);6.6;5.1;54;54;50
Hoval AG;Belaria, compact IR/IRS (9);9.5;7.4;60;60;56
Hoval AG;Belaria, dual AR (60);50.3;45.5;73;73;67
Hoval AG;Belaria, SHM (11);9.4;9.5;68;68;68
Hoval AG;Belaria, SHM (14);11.8;11.6;69;69;69
Hoval AG;Belaria, SHM (16);13.1;12.4;71;71;71
Hoval AG;Belaria, SRM (11);8.56;8.8;64;64;58
Hoval AG;Belaria, SRM (14);10.3;11.7;64;64;58
Hoval AG;Belaria, SRM (16);11.7;12.3;66;66;60
Hoval AG;Belaria, SRM (4);3.27;4.6;61;61;57
Hoval AG;Belaria, SRM (6);4.69;5.3;62;58;58
Hoval AG;Belaria, SRM (8);5.8;6.4;62;62;58
Hoval AG;Belaria, twin A/AR (17);17.2;14.6;67;67;63
Hoval AG;Belaria, twin A/AR (24);23.7;20.1;70;70;66
Hoval AG;Belaria, twin A/AR (32);31.6;26.9;76;76;72
Hoval AG;Belaria, twin I/IR (15);15.9;11.8;65;65;61
Hoval AG;Belaria, twin I/IR (20);20.8;17.6;67;67;63
Hoval AG;Belaria, twin I/IR (25);25;20.8;69;69;65
Hoval AG;Belaria, twin I/IR (30);30.4;24.4;70;70;66
Hoval AG;UltraSource B, comfort C (11);;;;;
Hoval AG;UltraSource B, comfort C (17);17.4;14.8;57;60;54
Hoval AG;UltraSource B, comfort C (8);7.6;6;46;49;43
Hoval AG;UltraSource B, compact C (11/200);10.2;10;49.8;52.8;45.8
Hoval AG;UltraSource B, compact C (8/200);7.6;6;46;49;43
Kibernetik AG;Kibernetik / LA 12S-TU;9.5;7.3;54;54;54
Kibernetik AG;Kibernetik / LA 18S-TU;12.3;10.6;54;54;54
Kibernetik AG;Kibernetik / LA 22TBS;14.7;12;58;63;54
Kibernetik AG;Kibernetik / LA 25TU-2;19.5;16.3;67;67;67
Kibernetik AG;Kibernetik / LA 28TBS;20.3;16.9;61;66;58
Kibernetik AG;Kibernetik / LA 33TBS;20.6;20;58;58;58
Kibernetik AG;Kibernetik / LA 40TU-2;27.6;22.6;70;70;70
Kibernetik AG;Kibernetik / LA 60TU-2;47.2;38.1;70;70;70
Kibernetik AG;Kibernetik / LA 9S-TU;7.2;5.5;53;53;53
Kibernetik AG;Kibernetik / LI 11TES;8.3;7;51;51;51
Kibernetik AG;Kibernetik / LI 12TU;9.4;7.1;50;50;50
Kibernetik AG;Kibernetik / LI 15TE;12;9.6;50;50;50
Kibernetik AG;Kibernetik / LI 16TES;13.4;10.7;54;54;54
Kibernetik AG;Kibernetik / LI 20TES;14.7;12.8;57;57;57
Kibernetik AG;Kibernetik / LI 24TES;19.9;15.7;61;61;61
Kibernetik AG;Kibernetik / LI 28TES;25.2;21.6;61;61;61
Kibernetik AG;Kibernetik / LI 9TES;6.6;5.3;53;60;60
Kibernetik AG;Kibernetik / LI 9TU;6.8;5.4;49;49;49
Kibernetik AG;Kibernetik / LIK 12TU;9.4;7.1;50;53;53
Kibernetik AG;Kibernetik / LIK 8TES;6.6;5.3;53;53;53
Kibernetik AG;Kibernetik / SAO 110-2;11;10.9;53;65;53
Kibernetik AG;Kibernetik / SAO 140-2;14;12.5;53;66;53
Kibernetik AG;Kibernetik / SAO 60-2;6;6.2;53;63;53
Kibernetik AG;Kibernetik / SAO 80-2;8;8.4;53;65;53
Kibernetik AG;Kibernetik / WPL 25A;8.33;12.86;54;66;54
KrÌ_ger+Co.AG;Toshiba, HWS-P1105H8R-E;12.88;10.59;63;66;56.5
KrÌ_ger+Co.AG;Toshiba, HWS-P1405H8R-E;14.6;12.21;63.5;66;57
KrÌ_ger+Co.AG;Toshiba, HWS-P805H8R-E;12.13;9.46;62.4;66;56
Meier Tobler AG;Bosch, Compress CS7000i AW 9 IR;10.7;8.43;36;54;51
Meier Tobler AG;Bosch, Compress CS7000iAW 13 IR;13.1;10.99;50;57;54
Meier Tobler AG;Bosch, Compress CS7000iAW 13 OR;11;10.99;53;65;62
Meier Tobler AG;Bosch, Compress CS7000iAW 17 IR;16;12.45;49;56;53
Meier Tobler AG;Bosch, Compress CS7000iAW 17 OR;14;12.45;53;66;63
Meier Tobler AG;Bosch, Compress CS7000iAW 7 IR;7.6;6.2;48;50;47
Meier Tobler AG;Bosch, Compress CS7000iAW 7 OR;6;6.18;53;64;61
Meier Tobler AG;Bosch, Compress CS7000iAW 9 OR;8;8.4;51;65;62
Meier Tobler AG;Bosch, Compress CS7001iAW 7 OR;6;6.2;47;63;58
Meier Tobler AG;Bosch, Compress CS7001iAW 9 OR;8;8.4;48;64;58
Meier Tobler AG;GDTS, System M Comfort 12;8.6;7;55;55;54
Meier Tobler AG;GDTS, System M Comfort 9;6.2;5;54;54;53
Meier Tobler AG;GDTS, System M Comfort Cooling 12;8.6;7;55;55;54
Meier Tobler AG;GDTS, System M Comfort Cooling 9;6.2;5;54;54;53
Meier Tobler AG;GDTS, System M Compact 4;3.9;3.3;57;57;53
Meier Tobler AG;GDTS, System M Compact 6;4.6;3.9;57;57;53
Meier Tobler AG;GDTS, System M Pure 4;3.9;3.3;57;57;53
Meier Tobler AG;GDTS, System M Pure 6;4.6;3.9;57;57;53
Meier Tobler AG;Oertli, Hybrid-WP-Gas H 15/11kW;10;8.5;69;69;66
Meier Tobler AG;Oertli, Hybrid-WP-Gas H 15/4.5kW;3.5;3.8;61;61;58
Meier Tobler AG;Oertli, Hybrid-WP-Gas H 15/6kW;5;5.5;65;64;61
Meier Tobler AG;Oertli, Hybrid-WP-Gas H 25/11kW;10;8.5;69;69;66
Meier Tobler AG;Oertli, Hybrid-WP-Gas H 25/16kW;12;11.2;70;69;66
Meier Tobler AG;Oertli, Hybrid-WP-Gas H 25/6kW;5;5.5;65;64;61
Meier Tobler AG;Oertli, Hybrid-WP-Gas H 35/11kW;10;8.5;69;69;66
Meier Tobler AG;Oertli, Hybrid-WP-Gas H 35/16kW;12;11.2;70;69;66
Meier Tobler AG;Oertli, Hybrid-WP-Gas V 15/11kW;10;8.5;69;69;66
Meier Tobler AG;Oertli, Hybrid-WP-Gas V 15/4.5kW;3.5;3.8;62;61;58
Meier Tobler AG;Oertli, Hybrid-WP-Gas V 15/6kW;5;5.5;65;64;61
Meier Tobler AG;Oertli, Hybrid-WP-Gas V 25/11kW;10;8.5;69;69;66
Meier Tobler AG;Oertli, Hybrid-WP-Gas V 25/16kW;12;11.2;70;69;66
Meier Tobler AG;Oertli, Hybrid-WP-Gas V 25/6kW;5;5.5;65;64;61
Meier Tobler AG;Oertli, Hybrid-WP-Gas V 35/11kW;10;8.5;69;69;66
Meier Tobler AG;Oertli, Hybrid-WP-Gas V 35/16kW;12;11.2;70;69;66
Meier Tobler AG;Oertli, LAN 12S-TU;9.5;7.3;54;54;53
Meier Tobler AG;Oertli, LAN 18S-TU;12.3;10.6;54;54;53
Meier Tobler AG;Oertli, LAN 22TBS;14.7;12;58;58;54
Meier Tobler AG;Oertli, LAN 25TU;19.6;16.7;67;67;64
Meier Tobler AG;Oertli, LAN 25TU-2;19.5;16.3;67;67;64
Meier Tobler AG;Oertli, LAN 28TBS;20.3;16.9;61;61;58
Meier Tobler AG;Oertli, LAN 40TU;29.3;23.8;70;70;67
Meier Tobler AG;Oertli, LAN 40TU-2;27.6;22.6;70;70;67
Meier Tobler AG;Oertli, LAN 60TU;50;39.2;74;74;71
Meier Tobler AG;Oertli, LAN 60TU-2;47.2;38.1;74;74;70
Meier Tobler AG;Oertli, LAN 6S-TU;5.1;4;56;56;52
Meier Tobler AG;Oertli, LAN 6TU;5.13;3.99;56.37;56;52
Meier Tobler AG;Oertli, LAN 9S-TU;7.2;5.5;53;53;53
Meier Tobler AG;Oertli, LIN 11TES;8.3;7;51;53;53
Meier Tobler AG;Oertli, LIN 12TU;9.4;7.1;50;53;53
Meier Tobler AG;Oertli, LIN 16TES;13.4;10.7;54;55;55
Meier Tobler AG;Oertli, LIN 20TES;14.7;12.8;57;58;58
Meier Tobler AG;Oertli, LIN 24TES;19.9;15.7;61;62;62
Meier Tobler AG;Oertli, LIN 28TES;25.2;21.6;61;62;62
Meier Tobler AG;Oertli, LIN 40 TE;29.3;23.8;64;64;64
Meier Tobler AG;Oertli, LIN 9TU;6.8;5.4;49;52;52
Meier Tobler AG;Oertli, LINK 12TU;9.4;7.1;50;53;53
Meier Tobler AG;Oertli, LINK 8TES;6.6;5.3;53;60;60
Meier Tobler AG;Oertli, LSI 112 SHW-AA;11.2;11.2;58.7;58.7;55.7
Meier Tobler AG;Oertli, LSI 140 SHW-SG;14;14;70;70;67
Meier Tobler AG;Oertli, LSI 230 SHW-SG;23;23;75;75;72
Meier Tobler AG;Oertli, LSI 80 SHW-AA;8;8;56.9;56.9;53.9
Meier Tobler AG;Oertli, LSP 100 SW-SG;10;8.5;70;70;67
Meier Tobler AG;Oertli, LSP 120 SW-SG;12;11.2;72;72;69
Meier Tobler AG;Oertli, LSP 50 SW-SG;5;4.4;63;63;60
Meier Tobler AG;Oertli, LSP 75 SW-SG;7.5;7;68;68;66
Meier Tobler AG;Panasonic, Aquarea Split LT 12 H-Serie;11.4;10;64;64;61
Meier Tobler AG;Panasonic, Aquarea Split LT 16 H-Serie;13;11.4;68;68;65
Meier Tobler AG;Panasonic, Aquarea Split LT 5 H-Serie;4.2;4.3;64;64;58
Meier Tobler AG;Panasonic, Aquarea Split LT 7 H-Serie;6.9;5.8;62;62;57
Meier Tobler AG;Panasonic, Aquarea Split LT 9 H-Serie;9;9;61;61;58
Meier Tobler AG;Panasonic, Aquarea Split SQ T-CAP 12 H-Serie;12;12;61;61;55
Meier Tobler AG;Panasonic, Aquarea Split SQ T-CAP 16 H-Serie;16;16;62;62;58
Meier Tobler AG;Panasonic, Aquarea Split SQ T-CAP 9 H-Serie;9;9;58;58;55
Meier Tobler AG;Panasonic, Aquarea Split T-CAP 12 H-Serie;12;12;66;66;64
Meier Tobler AG;Panasonic, Aquarea Split T-CAP 16 H-Serie;16;16;68;68;65
Meier Tobler AG;Panasonic, Aquarea Split T-CAP 9 H-Serie;9;9;64;64;62
Nibe W_rmetechnik c/o ait-Schweiz AG;Nibe, AMS 10-12;8.3;7.5;58;65.5;61
Nibe W_rmetechnik c/o ait-Schweiz AG;Nibe, AMS 10-16;10.8;10.1;58;71.5;67
Nibe W_rmetechnik c/o ait-Schweiz AG;Nibe, AMS 10-8;5.7;5.2;55;64;60
Nibe W_rmetechnik c/o ait-Schweiz AG;Nibe, AP-AW10-10C;10.4;8.4;54;54;54
Nibe W_rmetechnik c/o ait-Schweiz AG;Nibe, AP-AW10-12C;11.9;9.5;54;54;54
Nibe W_rmetechnik c/o ait-Schweiz AG;Nibe, AP-AW10-6C;6.2;4.7;47;47;47
Nibe W_rmetechnik c/o ait-Schweiz AG;Nibe, AP-AW10-8C;8;6.1;47;47;47
Nibe W_rmetechnik c/o ait-Schweiz AG;Nibe, AP-AW30-25E;24;19.4;62;65;65
Nibe W_rmetechnik c/o ait-Schweiz AG;Nibe, AP-AW30-31E;31;25;64;67;67
Nibe W_rmetechnik c/o ait-Schweiz AG;Nibe, F2120-12;8.5;7.4;53;59;53
Nibe W_rmetechnik c/o ait-Schweiz AG;Nibe, F2120-16;12;10.2;53;61;53
Nibe W_rmetechnik c/o ait-Schweiz AG;Nibe, F2120-20;15.4;13.5;53;61;53
Nibe W_rmetechnik c/o ait-Schweiz AG;Nibe, F2120-8;5.8;5.2;53;58;53
Nibe W_rmetechnik c/o ait-Schweiz AG;Nibe, Li 10.1;9.5;7.5;55;55;55
Nibe W_rmetechnik c/o ait-Schweiz AG;Nibe, LI 12.1;11.8;9.1;55;55;55
Nibe W_rmetechnik c/o ait-Schweiz AG;Nibe, LI 14;13.8;10.8;56;56;56
Nibe W_rmetechnik c/o ait-Schweiz AG;Nibe, LI 18;17.2;14.1;54;57;57
Nibe W_rmetechnik c/o ait-Schweiz AG;Nibe, LI 25.1;24;19.4;55;58;58
Nibe W_rmetechnik c/o ait-Schweiz AG;Nibe, LI 31;31;25;55;58;58
Nibe W_rmetechnik c/o ait-Schweiz AG;Nibe, LICV 12.2R3;11.5;9;44;49;44
Nibe W_rmetechnik c/o ait-Schweiz AG;Nibe, LICV 8.2R1/3;7;6;40;45;40
Nibe W_rmetechnik c/o ait-Schweiz AG;Nibe, LIV 12.2R3;11.5;9;44;49;44
Nibe W_rmetechnik c/o ait-Schweiz AG;Nibe, LIV 8.2R1/3;7;6;40;45;40
Nibe W_rmetechnik c/o ait-Schweiz AG;Nibe, LWSE-V 06;7.2;5.8;54;54;54
Nibe W_rmetechnik c/o ait-Schweiz AG;Nibe, LWSE-V 09;9.3;7.6;54;54;54
Nibe W_rmetechnik c/o ait-Schweiz AG;Nibe, LWSE-V 13;13.9;11.2;55;55;55
Nibe W_rmetechnik c/o ait-Schweiz AG;Nibe, LWSE-V 19;18.7;15.6;58;58;58
Nibe W_rmetechnik c/o ait-Schweiz AG;Nibe, LWSE-V 24;23.2;19.5;60;60;60
Nibe W_rmetechnik c/o ait-Schweiz AG;Nibe, LWSE-V 33;29.8;25.6;62;62;62
Ochsner W_rmepumpen GmbH;OCHSNER, AIR 11 (GMLW 9 plus);8.8;6.8;50.4;50.4;49
Ochsner W_rmepumpen GmbH;OCHSNER, AIR 18 (GMLW 14 plus);13.2;10.6;54;54;51
Ochsner W_rmepumpen GmbH;OCHSNER, AIR 23 (GMLW 19 plus);17.2;13.7;54;54;52
Ochsner W_rmepumpen GmbH;OCHSNER, AIR 29 (GMLW 25 plus);21.8;17.5;58;58;54
Ochsner W_rmepumpen GmbH;OCHSNER, AIR 41 (GMLW 35 plus);30.3;25.1;61;61;56
Ochsner W_rmepumpen GmbH;OCHSNER, AIR 7 (GMLW 5 plus);5.4;4.1;48;48;46
Ochsner W_rmepumpen GmbH;OCHSNER, AIR 80 C (OLWP 65 plus);65.1;47.3;78;78;73
Ochsner W_rmepumpen GmbH;OCHSNER, AIR 80 C2;65.1;47.3;64;64;59
Ochsner W_rmepumpen GmbH;OCHSNER, AIR BASIC 109;3.09;2.59;60;62;60
Ochsner W_rmepumpen GmbH;OCHSNER, AIR BASIC 109 T200;3.09;2.59;60;62;60
Ochsner W_rmepumpen GmbH;OCHSNER, AIR BASIC 211;5.5;4.2;62;62;62
Ochsner W_rmepumpen GmbH;OCHSNER, AIR BASIC 211 T200;5.5;4.2;62;62;62
Ochsner W_rmepumpen GmbH;OCHSNER, AIR BASIC 416;9.27;5.38;64;66;64
Ochsner W_rmepumpen GmbH;OCHSNER, AIR BASIC 416 T200;9.27;5.38;64;66;64
Ochsner W_rmepumpen GmbH;OCHSNER, AIR BASIC 618;9.27;5.38;64;66;64
Ochsner W_rmepumpen GmbH;OCHSNER, AIR BASIC 618 T200;9.27;5.38;64;66;64
Ochsner W_rmepumpen GmbH;OCHSNER, AIR EAGLE 414;5.5;7.8;57;57;57
Ochsner W_rmepumpen GmbH;OCHSNER, AIR EAGLE 414 T200;5.5;7.8;57;57;57
Ochsner W_rmepumpen GmbH;OCHSNER, AIR EAGLE 717;7.1;12.8;57;57;57
Ochsner W_rmepumpen GmbH;OCHSNER, AIR EAGLE 717 T200;7.1;12.8;57;57;57
Ochsner W_rmepumpen GmbH;OCHSNER, AIR HAWK 208;2.485;5.338;45.4;45.4;45.4
Ochsner W_rmepumpen GmbH;OCHSNER, OLWI 13;11.3;9.7;57;57;57
Ochsner W_rmepumpen GmbH;OCHSNER, OLWI 18;15.7;13.2;58;58;58
Ochsner W_rmepumpen GmbH;OCHSNER, OLWI 9;8.1;6.8;56;56;56
Soltop Schuppisser AG;M-TEC, WPL412;11.82;9.38;45.9;64.3;57.6
Soltop Schuppisser AG;M-TEC, WPL618;17.23;13.19;47.3;65.2;58.9
Soltop Schuppisser AG;M-TEC, WPLK412;11.8;9;43.1;54.9;54.9
Soltop Schuppisser AG;M-TEC, WPLK618;17.2;13.4;44.6;55.9;55.9
Soltop Schuppisser AG;M-TEC, WPLT1234;32.78;28.44;55;69;62
Soltop Schuppisser AG;M-TEC, WPLT310;9.45;7.97;50;63;58
Soltop Schuppisser AG;M-TEC, WPLT518;18.19;14.32;52;63;58
Soltop Schuppisser AG;M-TEC, WPLT724;23.09;19.09;55;66;60
Soltop Schuppisser AG;M-TEC, WPLT829;29.88;23.86;55;68;61
Stiebel Eltron AG;Stiebel Eltron, LWZ 504 (Inverter);5.16;8.34;50;59;48
Stiebel Eltron AG;Stiebel Eltron, WPL 09 ICS classic (Innenaufstellung);2.64;4.23;32;51;32
Stiebel Eltron AG;Stiebel Eltron, WPL 09 IKCS classic (Innenaufstellung);2.62;4.18;32;48;32
Stiebel Eltron AG;Stiebel Eltron, WPL 10 AC (Aussenaufstellung);6.74;5.11;59;59;57
Stiebel Eltron AG;Stiebel Eltron, WPL 13 cool A (Aussenaufstellung);8.1;6.6;62;62;60
Stiebel Eltron AG;Stiebel Eltron, WPL 13 cool I (Innenaufstellung);8.1;6.6;61;61;59
Stiebel Eltron AG;Stiebel Eltron, WPL 13 E A (Aussenaufstellung);8.09;6.77;62;62;60
Stiebel Eltron AG;Stiebel Eltron, WPL 13 E I (Innenaufstellung);8.09;6.77;61;61;59
Stiebel Eltron AG;Stiebel Eltron, WPL 130 AC (Split AusfÌÄå_hrung);65.1;47.3;78;78;73
Stiebel Eltron AG;Stiebel Eltron, WPL 15 AS / ACS (Aussenaufstellung);4.23;6.86;50;61;50
Stiebel Eltron AG;Stiebel Eltron, WPL 15 IS-2 (Split-Inverter);4.75;6.42;54;62;57
Stiebel Eltron AG;Stiebel Eltron, WPL 17 ACS classic (Aussenaufstellung);5.73;7.8;57;66;57
Stiebel Eltron AG;Stiebel Eltron, WPL 17 ICS classic (Innenaufstellung);5.02;8.02;48;52;48
Stiebel Eltron AG;Stiebel Eltron, WPL 17 IKCS classic (Innenaufstellung);4.95;7.8;44;50;44
Stiebel Eltron AG;Stiebel Eltron, WPL 18 cool A (Aussenaufstellung);11.3;9.72;65;65;63
Stiebel Eltron AG;Stiebel Eltron, WPL 18 cool I (Innenaufstellung);11.3;9.72;61;61;59
Stiebel Eltron AG;Stiebel Eltron, WPL 18 E A (Aussenaufstellung);11.3;9.72;65;65;63
Stiebel Eltron AG;Stiebel Eltron, WPL 18 E I (Innenaufstellung);11.3;9.72;61;61;59
Stiebel Eltron AG;Stiebel Eltron, WPL 19 I (Innenaufstellung);7.41;9.91;48;51;42
Stiebel Eltron AG;Stiebel Eltron, WPL 19 A (Aussenaufstellung);7.41;9.91;59;63;56
Stiebel Eltron AG;Stiebel Eltron, WPL 19 A dB (Aussenaufstellung);7.41;9.91;59;61;54
Stiebel Eltron AG;Stiebel Eltron, WPL 20 A / AC (Aussenaufstellung);6.83;9.54;54;66;54
Stiebel Eltron AG;Stiebel Eltron, WPL 23 cool A (Aussenaufstellung);14.14;12.27;65;65;63
Stiebel Eltron AG;Stiebel Eltron, WPL 23 cool I (Innenaufstellung);15.73;13.21;61;61;59
Stiebel Eltron AG;Stiebel Eltron, WPL 23 E A (Aussenaufstellung);15.73;13.21;65;65;63
Stiebel Eltron AG;Stiebel Eltron, WPL 23 E I (Innenaufstellung);14.14;12.27;61;61;59
Stiebel Eltron AG;Stiebel Eltron, WPL 24 A (Aussenaufstellung);9.04;13.45;59;67;56
Stiebel Eltron AG;Stiebel Eltron, WPL 24 A dB (Aussenaufstellung);9.04;13.45;59;65;54
Stiebel Eltron AG;Stiebel Eltron, WPL 24 I (Innenaufstellung);9.04;13.45;49;55;43
Stiebel Eltron AG;Stiebel Eltron, WPL 25 A / AC (Aussenaufstellung);8.33;12.86;54;66;54
Stiebel Eltron AG;Stiebel Eltron, WPL 25 I-2 (Split-Inverter);8.14;11.8;53;66;62
Stiebel Eltron AG;Stiebel Eltron, WPL 33 HT A (Aussenaufstellung);7.45;12.38;58;66;58
Stiebel Eltron AG;Stiebel Eltron, WPL 33 HT I (Innenaufstellung);7.45;12.38;55;63;55
Stiebel Eltron AG;Stiebel Eltron, WPL 44 AC (Split AusfÌÄå_hrung);21.8;17.5;58;58;54
Stiebel Eltron AG;Stiebel Eltron, WPL 47 (Aussenaufstellung);24.82;21.68;67;67;67
Stiebel Eltron AG;Stiebel Eltron, WPL 60 AC (Split AusfÌÄå_hrung);30.3;25.1;61;61;56
Striega-Therm AG;Striega-Therm AG, AWS 10 (Aussen);6.66;5.05;51.7;51.7;51.7
Striega-Therm AG;Striega-Therm AG, AWS 12 (Aussen);7.46;5.85;51.7;51.7;51.7
Striega-Therm AG;Striega-Therm AG, AWS 13 (Aussen);8.35;6.78;51.7;51.7;51.7
Striega-Therm AG;Striega-Therm AG, AWS 14 (Aussen);9.36;7.88;51.7;51.7;51.7
Striega-Therm AG;Striega-Therm AG, AWS 16 (Aussen);10.55;9.15;51.7;51.7;51.7
Striega-Therm AG;Striega-Therm AG, AWS 17 (Aussen);10.97;9.56;51.7;51.7;51.7
Striega-Therm AG;Striega-Therm AG, AWS 18 (Aussen);11.9;9.9;55.1;55.1;55.1
Striega-Therm AG;Striega-Therm AG, AWS 20 (Aussen);14.7;13.6;55.1;55.1;55.1
Striega-Therm AG;Striega-Therm AG, AWS-I 13 (Innen);8.35;6.78;44.6;44.6;44.6
Striega-Therm AG;Striega-Therm AG, AWS-I 14 (Innen);9.36;7.88;46.6;46.6;46.6
Striega-Therm AG;Striega-Therm AG, AWS-I 16 (Innen);10.55;9.15;48.2;48.2;48.2
Striega-Therm AG;Striega-Therm AG, AWS-I 17 (Innen);10.97;9.56;49;49;49
Striega-Therm AG;Striega-Therm AG, AWS-I 18 (Innen);11.9;9.9;49.5;49.5;49.5
Striega-Therm AG;Striega-Therm AG, AWS-I 20 (Innen);14.7;13.6;50.2;50.2;50.2
Striega-Therm AG;Striega-Therm AG, AWST 32_S (Aussen);20.6;17.1;55;55;55
Striega-Therm AG;Striega-Therm AG, AWST 36_S (Aussen);23.8;19.8;55;55;55
Swisstherm AG;AWI 08 Dynamic;5.69;6.55;51.8;51.8;47.6
Swisstherm AG;AWI 08 Dynamic AC;5.69;6.55;51.8;51.8;47.6
Swisstherm AG;AWI 16 Dynamic;8.76;12.69;54.8;54.8;50.6
Swisstherm AG;AWI 16 Dynamic AC;8.76;12.69;54.8;54.8;50.6
Swisstherm AG;AWX 08 Dynamic;5.76;6.4;47.9;47.9;44.8
Swisstherm AG;AWX 08 Dynamic AC;5.76;6.4;47.9;47.9;44.8
Swisstherm AG;AWX 16 Dynamic;8.81;12.87;52.7;52.7;51.1
Swisstherm AG;AWX 16 Dynamic AC;8.81;12.87;52.7;52.7;51.1
TCA Thermoclima AG;TCA optimaHeat Compact Silent Source Innenaufstellung, HM-S08L-M-CC-I / HM-AFHYDRO01;11.1;10.3;41;48;48
TCA Thermoclima AG;TCA optimaHeat Compact Silent Source Innenaufstellung, HM-S12L-M-CC-I / HM-AFHYDRO02;15.8;12.2;42;50;50
TCA Thermoclima AG;TCA optimaHeat Compact Silent Source Innenaufstellung, HM-S18L-M-CC-I / HM-AFHYDRO03;18.9;13.7;44;51;51
TCA Thermoclima AG;TCA optimaHeat Compact Silent Source, HM-S08L-M-CC / HM-AFHYDRO01;11.1;10.3;48;55;55
TCA Thermoclima AG;TCA optimaHeat Compact Silent Source, HM-S12L-M-CC / HM-AFHYDRO02;15.8;12.2;50;56;56
TCA Thermoclima AG;TCA optimaHeat Compact Silent Source, HM-S18L-M-CC / HM-AFHYDRO03;21.2;19.1;51;58;58
TCA Thermoclima AG;TCA optimaHeat Split Silent Source Solid, HM-S30L-M-SOLID / HM-HPS240;38.67;34;48;54;54
TCA Thermoclima AG;TCA optimaHeat Split Silent Source Solid, HM-S40L-M-SOLID / HM-HPS240;44.86;39.44;48;54;54
TCA Thermoclima AG;TCA optimaHeat Split Silent Source Solid, HM-S55L-M-SOLID / HM-HPS300;49.1;43.4;48;58;58
TCA Thermoclima AG;TCA optimaHeat Split Silent Source, HM-HP08L-M-BC / HM-HPS60;11.49;8.96;40;42;42
TCA Thermoclima AG;TCA optimaHeat Split Silent Source, HM-HP08L-M-BC / HM-HPS60-W;11.49;8.96;41;43;43
TCA Thermoclima AG;TCA optimaHeat Split Silent Source, HM-HP12L-M-BC / HM-HPS80;16.55;12.88;40;42;42
TCA Thermoclima AG;TCA optimaHeat Split Silent Source, HM-HP12L-M-BC / HM-HPS80-W;16.55;12.88;41;43;43
TCA Thermoclima AG;TCA optimaHeat Split Silent Source, HM-HP20L-M-BC / HM-HPS120;20.93;16.72;46;48;48
Vaillant GmbH;aroTHERM split VWL 105/5 AS;8.3;10.2;60;60;55
Vaillant GmbH;aroTHERM split VWL 125/5 AS;8.3;11.9;60;60;55
Vaillant GmbH;aroTHERM split VWL 35/5 AS;2.5;3.6;53;53;46
Vaillant GmbH;aroTHERM split VWL 55/5 AS;3.4;4.9;54;54;46
Vaillant GmbH;aroTHERM split VWL 75/5 AS;4.6;6.7;54;54;48
Vaillant GmbH;aroTHERM VWL 115/2;5.1;7.9;66;66;63
Vaillant GmbH;aroTHERM VWL 155/2;8.2;11.8;66;66;63
Vaillant GmbH;aroTHERM VWL 55/3;2.8;4.9;58;58;55
Vaillant GmbH;aroTHERM VWL 85/3;4.5;6.6;60;60;57
Vaillant GmbH;Erset Mistral C 11;11;11;58;58;58
Vaillant GmbH;Erset Mistral C 14;14.1;14.1;58;58;58
Vaillant GmbH;Erset Mistral C 18;18.1;18.1;60;60;60
Vaillant GmbH;Erset Mistral C 7;7.1;7.1;56;56;56
Vaillant GmbH;flexoTHERM VWF 117/4 mit 1 aroCOLLECT;10.3;8.4;56;67;52
Vaillant GmbH;flexoTHERM VWF 157/4 mit 2 aroCOLLECT;13.9;11.2;50;62;48
Vaillant GmbH;flexoTHERM VWF 197/4 mit 2 aroCOLLECT;17.4;14.6;53;67;53
Vaillant GmbH;flexoTHERM VWF 57/4 mit 1 aroCOLLECT;5.7;4.4;43;54;40
Vaillant GmbH;flexoTHERM VWF 87/4 mit 1 aroCOLLECT;7.8;6.5;51;61;47
Vaillant GmbH;versoTHERM plus VWL 57/5;3.18;5.65;51.6;57.1;52.5
Vaillant GmbH;versoTHERM plus VWL 77/5;4.1;7.2;47.7;59.2;51.4
Viessmann (Schweiz) AG;Viessmann, Vitocal 200-A AWCI-AC 201.A07;4.98;7.49;55;59;55
Viessmann (Schweiz) AG;Viessmann, Vitocal 200-A AWCI-AC 201.A10;7;10.12;56;59;56
Viessmann (Schweiz) AG;Viessmann, Vitocal 200-A AWO--M-E-AC 201.A04;2.6;3.8;53;56;50
Viessmann (Schweiz) AG;Viessmann, Vitocal 200-A AWO--M-E-AC 201.A06;3.1;5.7;54;56;50
Viessmann (Schweiz) AG;Viessmann, Vitocal 200-A AWO--M-E-AC 201.A08;4;6.7;55;58;50
Viessmann (Schweiz) AG;Viessmann, Vitocal 200-A AWO-E-AC 201.A10;6.1;10.1;56;61;55
Viessmann (Schweiz) AG;Viessmann, Vitocal 200-A AWO-E-AC 201.A13;6.7;11.1;56;61;55
Viessmann (Schweiz) AG;Viessmann, Vitocal 200-A AWO-E-AC 201.A16;7;11.6;56;61;55
Viessmann (Schweiz) AG;Viessmann, Vitocal 200-S AWB--M-E-AC 201.D04;2.6;3.8;53;56;50
Viessmann (Schweiz) AG;Viessmann, Vitocal 200-S AWB--M-E-AC 201.D06;3.1;5.5;54;56;50
Viessmann (Schweiz) AG;Viessmann, Vitocal 200-S AWB--M-E-AC 201.D08;4;6.7;55;58;50
Viessmann (Schweiz) AG;Viessmann, Vitocal 200-S AWB-E-AC 201.D10;5.9;10.1;56;61;55
Viessmann (Schweiz) AG;Viessmann, Vitocal 200-S AWB-E-AC 201.D13;6.3;10.7;56;61;55
Viessmann (Schweiz) AG;Viessmann, Vitocal 200-S AWB-E-AC 201.D16;7;11.6;56;61;55
Viessmann (Schweiz) AG;Viessmann, Vitocal 250-S HAWB-M-AC 252.A04;3;3.2;60;60;58
Viessmann (Schweiz) AG;Viessmann, Vitocal 250-S HAWB-M-AC 252.A07;5.6;6.6;62;62;58
Viessmann (Schweiz) AG;Viessmann, Vitocal 250-S HAWB-M-AC 252.A10;7.5;9.5;61;61;60
Viessmann (Schweiz) AG;Viessmann, Vitocal 250-S HAWB-M-AC 252.A13;9.06;10.7;65;66;60
Viessmann (Schweiz) AG;Viessmann, Vitocal 250-S HAWB-M-AC 252.A16;11.3;13.3;65;69;60
Viessmann (Schweiz) AG;Viessmann, Vitocal 300-A AWO 302.A25;19.6;16.7;67;67;67
Viessmann (Schweiz) AG;Viessmann, Vitocal 300-A AWO 302.A40;29.3;23.8;70;70;70
Viessmann (Schweiz) AG;Viessmann, Vitocal 300-A AWO 302.A60;50;39.2;74;74;74
Viessmann (Schweiz) AG;Viessmann, Vitocal 300-A AWO-AC 301.B07;7.4;7;51;53;49
Viessmann (Schweiz) AG;Viessmann, Vitocal 300-A AWO-AC 301.B11;7;10.5;51;53;51
Viessmann (Schweiz) AG;Viessmann, Vitocal 300-A AWO-AC 301.B14;8.5;12;52;54;52
Viessmann (Schweiz) AG;Viessmann, Vitocal 350-A AWHI 351.A10;10.6;8.7;50;50;46
Viessmann (Schweiz) AG;Viessmann, Vitocal 350-A AWHI 351.A14;14.5;12.2;54;54;49
Viessmann (Schweiz) AG;Viessmann, Vitocal 350-A AWHI 351.A20;18.5;15;57;57;55
Viessmann (Schweiz) AG;Viessmann, Vitocal 350-A AWHO 351.A10;10.6;8.7;57;57;55
Viessmann (Schweiz) AG;Viessmann, Vitocal 350-A AWHO 351.A14;14.5;12.2;60;60;57
Viessmann (Schweiz) AG;Viessmann, Vitocal 350-A AWHO 351.A20;18.5;15;64;64;62
Weishaupt AG;Weishaupt AG, WWP L 12 AD;9.5;7.3;54;54;53
Weishaupt AG;Weishaupt AG, WWP L 12 ADR;9.5;7.2;54;54;53
Weishaupt AG;Weishaupt AG, WWP L 12 ID;9.44;7.1;50;50;50
Weishaupt AG;Weishaupt AG, WWP L 12 IDK;9.4;7.1;50;50;47
Weishaupt AG;Weishaupt AG, WWP L 16 I-2;13.37;10.7;54;54;54
Weishaupt AG;Weishaupt AG, WWP L 18 AD;12;10.6;54;54;53
Weishaupt AG;Weishaupt AG, WWP L 18 ADR;12;10.6;54;54;53
Weishaupt AG;Weishaupt AG, WWP L 20 I-2;14.7;12.8;57;57;57
Weishaupt AG;Weishaupt AG, WWP L 24 I-2;19.9;15.7;61;61;61
Weishaupt AG;Weishaupt AG, WWP L 25 A;19.6;16.7;67;67;64
Weishaupt AG;Weishaupt AG, WWP L 28 I-2;25.19;21.6;61;61;61
Weishaupt AG;Weishaupt AG, WWP L 35 AR;23.6;17.8;70;72;69
Weishaupt AG;Weishaupt AG, WWP L 40 A;29.3;23.8;70;70;67
Weishaupt AG;Weishaupt AG, WWP L 60 AD;50.32;39.2;71;74;71
Weishaupt AG;Weishaupt AG, WWP L 60 ADR;50.32;39.2;71;74;71
Weishaupt AG;Weishaupt AG, WWP L 8 IK-2;6.6;5.3;53;53;53
Weishaupt AG;Weishaupt AG, WWP L 9 AD;7.2;5.5;53;53;53
Weishaupt AG;Weishaupt AG, WWP L 9 ADR;7.2;5.5;53;53;53
Weishaupt AG;Weishaupt AG, WWP L 9 ID;6.84;5.4;49;49;49
Weishaupt AG;Weishaupt AG, WWP LA 6-A;5.1;4;56;56;52
Weishaupt AG;Weishaupt AG, WWP LA 6-A R;5.1;4;56;56;52
Weishaupt AG;Weishaupt AG, WWP LB 12-A-R;10.7;7.79;4.93;45;45
Weishaupt AG;Weishaupt AG, WWP LS 10-B-R;7.6;9.57;61;61;60
Weishaupt AG;Weishaupt AG, WWP LS 10-B-R-E;7.7;9;62;62;60
Weishaupt AG;Weishaupt AG, WWP LS 13-B-R;8.8;11.7;65;65;60
Weishaupt AG;Weishaupt AG, WWP LS 16-B-R;10.89;13.3;65;65;60
Weishaupt AG;Weishaupt AG, WWP LS 8-B-R-E;5.46;6.6;60;60;58